{"loss": [0.6003723740577698, 0.3470080494880676, 0.2217734009027481, 0.15282730758190155, 0.11553653329610825], "accuracy": [0.6743842363357544, 0.8550081849098206, 0.9190475940704346, 0.943842351436615, 0.960426926612854], "val_loss": [0.44752347469329834, 0.43650123476982117, 0.5149447321891785, 0.5854600071907043, 0.7000283598899841], "val_accuracy": [0.7938279509544373, 0.8122127652168274, 0.8010505437850952, 0.7984241843223572, 0.7879185676574707]}